#Release 14.7 - par P.20131013 (nt64)
#Copyright (c) 1995-2013 Xilinx, Inc.  All rights reserved.

#Tue Dec 05 17:12:01 2017

#
## NOTE: This file is designed to be imported into a spreadsheet program
# such as Microsoft Excel for viewing, printing and sorting. The |
# character is used as the data field separator. This file is also designed
# to support parsing.
#
#INPUT FILE:       top_schematic_map.ncd
#OUTPUT FILE:      top_schematic_pad.csv
#PART TYPE:        xc7a100t
#SPEED GRADE:      -3
#PACKAGE:          csg324
#
# Pinout by Pin Number:
# 
# -----,-----,-----,-----,-----,-----,-----,-----,-----,-----,-----,-----,-----,-----,-----,
Pin Number,Signal Name,Pin Usage,Pin Name,Direction,IO Standard,IO Bank Number,Drive (mA),Slew Rate,Termination,IOB Delay,Voltage,Constraint,IO Register,Signal Integrity,
A1,Instr<11>,IOB,IO_L9N_T1_DQS_AD7N_35,OUTPUT,LVCMOS18*,35,12,SLOW,,,,UNLOCATED,NO,NONE,
A2,,,GND,,,,,,,,,,,,
A3,Instr<9>,IOB,IO_L8N_T1_AD14N_35,OUTPUT,LVCMOS18*,35,12,SLOW,,,,UNLOCATED,NO,NONE,
A4,Instr<6>,IOB,IO_L8P_T1_AD14P_35,OUTPUT,LVCMOS18*,35,12,SLOW,,,,UNLOCATED,NO,NONE,
A5,SrcA<7>,IOB,IO_L3N_T0_DQS_AD5N_35,OUTPUT,LVCMOS18*,35,12,SLOW,,,,UNLOCATED,NO,NONE,
A6,SrcA<4>,IOB,IO_L3P_T0_DQS_AD5P_35,OUTPUT,LVCMOS18*,35,12,SLOW,,,,UNLOCATED,NO,NONE,
A7,,,VCCO_35,,,35,,,,,1.80,,,,
A8,,IOB33S,IO_L12N_T1_MRCC_16,UNUSED,,16,,,,,,,,,
A9,,IOB33S,IO_L14N_T2_SRCC_16,UNUSED,,16,,,,,,,,,
A10,,IOB33M,IO_L14P_T2_SRCC_16,UNUSED,,16,,,,,,,,,
A11,Instr<20>,IOB,IO_L4N_T0_15,OUTPUT,LVCMOS18*,15,12,SLOW,,,,UNLOCATED,NO,NONE,
A12,,,GND,,,,,,,,,,,,
A13,SrcA<15>,IOB,IO_L9P_T1_DQS_AD3P_15,OUTPUT,LVCMOS18*,15,12,SLOW,,,,UNLOCATED,NO,NONE,
A14,Instr<7>,IOB,IO_L9N_T1_DQS_AD3N_15,OUTPUT,LVCMOS18*,15,12,SLOW,,,,UNLOCATED,NO,NONE,
A15,SrcA<14>,IOB,IO_L8P_T1_AD10P_15,OUTPUT,LVCMOS18*,15,12,SLOW,,,,UNLOCATED,NO,NONE,
A16,Instr<5>,IOB,IO_L8N_T1_AD10N_15,OUTPUT,LVCMOS18*,15,12,SLOW,,,,UNLOCATED,NO,NONE,
A17,,,VCCO_15,,,15,,,,,1.80,,,,
A18,SrcA<19>,IOB,IO_L10N_T1_AD11N_15,OUTPUT,LVCMOS18*,15,12,SLOW,,,,UNLOCATED,NO,NONE,
B1,Instr<13>,IOB,IO_L9P_T1_DQS_AD7P_35,OUTPUT,LVCMOS18*,35,12,SLOW,,,,UNLOCATED,NO,NONE,
B2,Instr<25>,IOB,IO_L10N_T1_AD15N_35,OUTPUT,LVCMOS18*,35,12,SLOW,,,,UNLOCATED,NO,NONE,
B3,SrcA<25>,IOB,IO_L10P_T1_AD15P_35,OUTPUT,LVCMOS18*,35,12,SLOW,,,,UNLOCATED,NO,NONE,
B4,Instr<10>,IOB,IO_L7N_T1_AD6N_35,OUTPUT,LVCMOS18*,35,12,SLOW,,,,UNLOCATED,NO,NONE,
B5,,,GND,,,,,,,,,,,,
B6,SrcA<3>,IOB,IO_L2N_T0_AD12N_35,OUTPUT,LVCMOS18*,35,12,SLOW,,,,UNLOCATED,NO,NONE,
B7,SrcA<2>,IOB,IO_L2P_T0_AD12P_35,OUTPUT,LVCMOS18*,35,12,SLOW,,,,UNLOCATED,NO,NONE,
B8,,IOB33M,IO_L12P_T1_MRCC_16,UNUSED,,16,,,,,,,,,
B9,,IOB33S,IO_L11N_T1_SRCC_16,UNUSED,,16,,,,,,,,,
B10,,,VCCO_16,,,16,,,,,any******,,,,
B11,SrcA<6>,IOB,IO_L4P_T0_15,OUTPUT,LVCMOS18*,15,12,SLOW,,,,UNLOCATED,NO,NONE,
B12,Instr<18>,IOB,IO_L3N_T0_DQS_AD1N_15,OUTPUT,LVCMOS18*,15,12,SLOW,,,,UNLOCATED,NO,NONE,
B13,SrcA<5>,IOB,IO_L2P_T0_AD8P_15,OUTPUT,LVCMOS18*,15,12,SLOW,,,,UNLOCATED,NO,NONE,
B14,SrcA<0>,IOB,IO_L2N_T0_AD8N_15,OUTPUT,LVCMOS18*,15,12,SLOW,,,,UNLOCATED,NO,NONE,
B15,,,GND,,,,,,,,,,,,
B16,SrcA<12>,IOB,IO_L7P_T1_AD2P_15,OUTPUT,LVCMOS18*,15,12,SLOW,,,,UNLOCATED,NO,NONE,
B17,SrcA<13>,IOB,IO_L7N_T1_AD2N_15,OUTPUT,LVCMOS18*,15,12,SLOW,,,,UNLOCATED,NO,NONE,
B18,SrcA<16>,IOB,IO_L10P_T1_AD11P_15,OUTPUT,LVCMOS18*,15,12,SLOW,,,,UNLOCATED,NO,NONE,
C1,SrcA<30>,IOB,IO_L16N_T2_35,OUTPUT,LVCMOS18*,35,12,SLOW,,,,UNLOCATED,NO,NONE,
C2,SrcA<26>,IOB,IO_L16P_T2_35,OUTPUT,LVCMOS18*,35,12,SLOW,,,,UNLOCATED,NO,NONE,
C3,,,VCCO_35,,,35,,,,,1.80,,,,
C4,Instr<8>,IOB,IO_L7P_T1_AD6P_35,OUTPUT,LVCMOS18*,35,12,SLOW,,,,UNLOCATED,NO,NONE,
C5,SrcA<1>,IOB,IO_L1N_T0_AD4N_35,OUTPUT,LVCMOS18*,35,12,SLOW,,,,UNLOCATED,NO,NONE,
C6,Instr<26>,IOB,IO_L1P_T0_AD4P_35,OUTPUT,LVCMOS18*,35,12,SLOW,,,,UNLOCATED,NO,NONE,
C7,Instr<21>,IOB,IO_L4N_T0_35,OUTPUT,LVCMOS18*,35,12,SLOW,,,,UNLOCATED,NO,NONE,
C8,,,GND,,,,,,,,,,,,
C9,,IOB33M,IO_L11P_T1_SRCC_16,UNUSED,,16,,,,,,,,,
C10,,IOB33S,IO_L13N_T2_MRCC_16,UNUSED,,16,,,,,,,,,
C11,,IOB33M,IO_L13P_T2_MRCC_16,UNUSED,,16,,,,,,,,,
C12,SrcA<9>,IOB,IO_L3P_T0_DQS_AD1P_15,OUTPUT,LVCMOS18*,15,12,SLOW,,,,UNLOCATED,NO,NONE,
C13,,,VCCO_15,,,15,,,,,1.80,,,,
C14,SrcA<11>,IOB,IO_L1N_T0_AD0N_15,OUTPUT,LVCMOS18*,15,12,SLOW,,,,UNLOCATED,NO,NONE,
C15,Instr<30>,IOB,IO_L12N_T1_MRCC_15,OUTPUT,LVCMOS18*,15,12,SLOW,,,,UNLOCATED,NO,NONE,
C16,WriteData<19>,IOB,IO_L20P_T3_A20_15,OUTPUT,LVCMOS18*,15,12,SLOW,,,,UNLOCATED,NO,NONE,
C17,WriteData<11>,IOB,IO_L20N_T3_A19_15,OUTPUT,LVCMOS18*,15,12,SLOW,,,,UNLOCATED,NO,NONE,
C18,,,GND,,,,,,,,,,,,
D1,,,GND,,,,,,,,,,,,
D2,SrcA<29>,IOB,IO_L14N_T2_SRCC_35,OUTPUT,LVCMOS18*,35,12,SLOW,,,,UNLOCATED,NO,NONE,
D3,SrcA<23>,IOB,IO_L12N_T1_MRCC_35,OUTPUT,LVCMOS18*,35,12,SLOW,,,,UNLOCATED,NO,NONE,
D4,SrcA<17>,IOB,IO_L11N_T1_SRCC_35,OUTPUT,LVCMOS18*,35,12,SLOW,,,,UNLOCATED,NO,NONE,
D5,clk,IOB,IO_L11P_T1_SRCC_35,INPUT,LVCMOS18*,35,,,,NONE,,UNLOCATED,NO,NONE,
D6,,,VCCO_35,,,35,,,,,1.80,,,,
D7,Instr<14>,IOB,IO_L6N_T0_VREF_35,OUTPUT,LVCMOS18*,35,12,SLOW,,,,UNLOCATED,NO,NONE,
D8,Instr<22>,IOB,IO_L4P_T0_35,OUTPUT,LVCMOS18*,35,12,SLOW,,,,UNLOCATED,NO,NONE,
D9,,IOB33S,IO_L6N_T0_VREF_16,UNUSED,,16,,,,,,,,,
D10,,IOB33S,IO_L19N_T3_VREF_16,UNUSED,,16,,,,,,,,,
D11,,,GND,,,,,,,,,,,,
D12,SrcA<10>,IOB,IO_L6P_T0_15,OUTPUT,LVCMOS18*,15,12,SLOW,,,,UNLOCATED,NO,NONE,
D13,Instr<19>,IOB,IO_L6N_T0_VREF_15,OUTPUT,LVCMOS18*,15,12,SLOW,,,,UNLOCATED,NO,NONE,
D14,Instr<28>,IOB,IO_L1P_T0_AD0P_15,OUTPUT,LVCMOS18*,15,12,SLOW,,,,UNLOCATED,NO,NONE,
D15,SrcA<18>,IOB,IO_L12P_T1_MRCC_15,OUTPUT,LVCMOS18*,15,12,SLOW,,,,UNLOCATED,NO,NONE,
D16,,,VCCO_15,,,15,,,,,1.80,,,,
D17,SrcA<31>,IOB,IO_L16N_T2_A27_15,OUTPUT,LVCMOS18*,15,12,SLOW,,,,UNLOCATED,NO,NONE,
D18,Dout<50>,IOB,IO_L21N_T3_DQS_A18_15,OUTPUT,LVCMOS18*,15,12,SLOW,,,,UNLOCATED,NO,NONE,
E1,WriteData<3>,IOB,IO_L18N_T2_35,OUTPUT,LVCMOS18*,35,12,SLOW,,,,UNLOCATED,NO,NONE,
E2,Instr<0>,IOB,IO_L14P_T2_SRCC_35,OUTPUT,LVCMOS18*,35,12,SLOW,,,,UNLOCATED,NO,NONE,
E3,SrcA<28>,IOB,IO_L12P_T1_MRCC_35,OUTPUT,LVCMOS18*,35,12,SLOW,,,,UNLOCATED,NO,NONE,
E4,,,GND,,,,,,,,,,,,
E5,Instr<23>,IOB,IO_L5N_T0_AD13N_35,OUTPUT,LVCMOS18*,35,12,SLOW,,,,UNLOCATED,NO,NONE,
E6,Instr<24>,IOB,IO_L5P_T0_AD13P_35,OUTPUT,LVCMOS18*,35,12,SLOW,,,,UNLOCATED,NO,NONE,
E7,Instr<12>,IOB,IO_L6P_T0_35,OUTPUT,LVCMOS18*,35,12,SLOW,,,,UNLOCATED,NO,NONE,
E8,,,VCCBATT_0,,,,,,,,,,,,
E9,,,CCLK_0,,,,,,,,,,,,
E10,,,TCK_0,,,,,,,,,,,,
E11,,,TDI_0,,,,,,,,,,,,
E12,,,TMS_0,,,,,,,,,,,,
E13,,,TDO_0,,,,,,,,,,,,
E14,,,GND,,,,,,,,,,,,
E15,SrcA<27>,IOB,IO_L11P_T1_SRCC_15,OUTPUT,LVCMOS18*,15,12,SLOW,,,,UNLOCATED,NO,NONE,
E16,SrcA<21>,IOB,IO_L11N_T1_SRCC_15,OUTPUT,LVCMOS18*,15,12,SLOW,,,,UNLOCATED,NO,NONE,
E17,Instr<4>,IOB,IO_L16P_T2_A28_15,OUTPUT,LVCMOS18*,15,12,SLOW,,,,UNLOCATED,NO,NONE,
E18,WriteData<16>,IOB,IO_L21P_T3_DQS_15,OUTPUT,LVCMOS18*,15,12,SLOW,,,,UNLOCATED,NO,NONE,
F1,WriteData<5>,IOB,IO_L18P_T2_35,OUTPUT,LVCMOS18*,35,12,SLOW,,,,UNLOCATED,NO,NONE,
F2,,,VCCO_35,,,35,,,,,1.80,,,,
F3,Instr<27>,IOB,IO_L13N_T2_MRCC_35,OUTPUT,LVCMOS18*,35,12,SLOW,,,,UNLOCATED,NO,NONE,
F4,SrcA<20>,IOB,IO_L13P_T2_MRCC_35,OUTPUT,LVCMOS18*,35,12,SLOW,,,,UNLOCATED,NO,NONE,
F5,Instr<16>,IOB,IO_0_35,OUTPUT,LVCMOS18*,35,12,SLOW,,,,UNLOCATED,NO,NONE,
F6,WriteData<6>,IOB,IO_L19N_T3_VREF_35,OUTPUT,LVCMOS18*,35,12,SLOW,,,,UNLOCATED,NO,NONE,
F7,,,GND,,,,,,,,,,,,
F8,,,VCCINT,,,,,,,,1.0,,,,
F9,,,GND,,,,,,,,,,,,
F10,,,VCCBRAM,,,,,,,,,,,,
F11,,,GND,,,,,,,,,,,,
F12,,,VCCAUX,,,,,,,,1.8,,,,
F13,SrcA<8>,IOB,IO_L5P_T0_AD9P_15,OUTPUT,LVCMOS18*,15,12,SLOW,,,,UNLOCATED,NO,NONE,
F14,Instr<17>,IOB,IO_L5N_T0_AD9N_15,OUTPUT,LVCMOS18*,15,12,SLOW,,,,UNLOCATED,NO,NONE,
F15,SrcA<22>,IOB,IO_L14P_T2_SRCC_15,OUTPUT,LVCMOS18*,15,12,SLOW,,,,UNLOCATED,NO,NONE,
F16,WriteData<2>,IOB,IO_L14N_T2_SRCC_15,OUTPUT,LVCMOS18*,15,12,SLOW,,,,UNLOCATED,NO,NONE,
F17,,,GND,,,,,,,,,,,,
F18,Dout<54>,IOB,IO_L22N_T3_A16_15,OUTPUT,LVCMOS18*,15,12,SLOW,,,,UNLOCATED,NO,NONE,
G1,WriteData<1>,IOB,IO_L17N_T2_35,OUTPUT,LVCMOS18*,35,12,SLOW,,,,UNLOCATED,NO,NONE,
G2,Instr<29>,IOB,IO_L15N_T2_DQS_35,OUTPUT,LVCMOS18*,35,12,SLOW,,,,UNLOCATED,NO,NONE,
G3,WriteData<13>,IOB,IO_L20N_T3_35,OUTPUT,LVCMOS18*,35,12,SLOW,,,,UNLOCATED,NO,NONE,
G4,WriteData<12>,IOB,IO_L20P_T3_35,OUTPUT,LVCMOS18*,35,12,SLOW,,,,UNLOCATED,NO,NONE,
G5,,,VCCO_35,,,35,,,,,1.80,,,,
G6,WriteData<10>,IOB,IO_L19P_T3_35,OUTPUT,LVCMOS18*,35,12,SLOW,,,,UNLOCATED,NO,NONE,
G7,,,VCCINT,,,,,,,,1.0,,,,
G8,,,GND,,,,,,,,,,,,
G9,,,VCCINT,,,,,,,,1.0,,,,
G10,,,GND,,,,,,,,,,,,
G11,,,VCCBRAM,,,,,,,,,,,,
G12,,,GND,,,,,,,,,,,,
G13,halt_en,IOB,IO_0_15,INPUT,LVCMOS18*,15,,,,NONE,,UNLOCATED,NO,NONE,
G14,SrcA<24>,IOB,IO_L15N_T2_DQS_ADV_B_15,OUTPUT,LVCMOS18*,15,12,SLOW,,,,UNLOCATED,NO,NONE,
G15,,,VCCO_15,,,15,,,,,1.80,,,,
G16,Instr<2>,IOB,IO_L13N_T2_MRCC_15,OUTPUT,LVCMOS18*,15,12,SLOW,,,,UNLOCATED,NO,NONE,
G17,WriteData<9>,IOB,IO_L18N_T2_A23_15,OUTPUT,LVCMOS18*,15,12,SLOW,,,,UNLOCATED,NO,NONE,
G18,Dout<52>,IOB,IO_L22P_T3_A17_15,OUTPUT,LVCMOS18*,15,12,SLOW,,,,UNLOCATED,NO,NONE,
H1,Instr<3>,IOB,IO_L17P_T2_35,OUTPUT,LVCMOS18*,35,12,SLOW,,,,UNLOCATED,NO,NONE,
H2,WriteData<0>,IOB,IO_L15P_T2_DQS_35,OUTPUT,LVCMOS18*,35,12,SLOW,,,,UNLOCATED,NO,NONE,
H3,,,GND,,,,,,,,,,,,
H4,Dout<48>,IOB,IO_L21N_T3_DQS_35,OUTPUT,LVCMOS18*,35,12,SLOW,,,,UNLOCATED,NO,NONE,
H5,Dout<58>,IOB,IO_L24N_T3_35,OUTPUT,LVCMOS18*,35,12,SLOW,,,,UNLOCATED,NO,NONE,
H6,WriteData<17>,IOB,IO_L24P_T3_35,OUTPUT,LVCMOS18*,35,12,SLOW,,,,UNLOCATED,NO,NONE,
H7,,,GND,,,,,,,,,,,,
H8,,,VCCINT,,,,,,,,1.0,,,,
H9,,,GNDADC_0,,,,,,,,,,,,
H10,,,VCCADC_0,,,,,,,,,,,,
H11,,,GND,,,,,,,,,,,,
H12,,,VCCAUX,,,,,,,,1.8,,,,
H13,,,GND,,,,,,,,,,,,
H14,Instr<1>,IOB,IO_L15P_T2_DQS_15,OUTPUT,LVCMOS18*,15,12,SLOW,,,,UNLOCATED,NO,NONE,
H15,WriteData<14>,IOB,IO_L19N_T3_A21_VREF_15,OUTPUT,LVCMOS18*,15,12,SLOW,,,,UNLOCATED,NO,NONE,
H16,Instr<31>,IOB,IO_L13P_T2_MRCC_15,OUTPUT,LVCMOS18*,15,12,SLOW,,,,UNLOCATED,NO,NONE,
H17,WriteData<8>,IOB,IO_L18P_T2_A24_15,OUTPUT,LVCMOS18*,15,12,SLOW,,,,UNLOCATED,NO,NONE,
H18,,,VCCO_15,,,15,,,,,1.80,,,,
J1,,,VCCO_35,,,35,,,,,1.80,,,,
J2,WriteData<15>,IOB,IO_L22N_T3_35,OUTPUT,LVCMOS18*,35,12,SLOW,,,,UNLOCATED,NO,NONE,
J3,Dout<57>,IOB,IO_L22P_T3_35,OUTPUT,LVCMOS18*,35,12,SLOW,,,,UNLOCATED,NO,NONE,
J4,Dout<51>,IOB,IO_L21P_T3_DQS_35,OUTPUT,LVCMOS18*,35,12,SLOW,,,,UNLOCATED,NO,NONE,
J5,Dout<61>,IOB,IO_25_35,OUTPUT,LVCMOS18*,35,12,SLOW,,,,UNLOCATED,NO,NONE,
J6,,,GND,,,,,,,,,,,,
J7,,,VCCINT,,,,,,,,1.0,,,,
J8,,,GND,,,,,,,,,,,,
J9,,,VREFN_0,,,,,,,,,,,,
J10,,IPAD,VP_0,UNUSED,,0,,,,,,,,,
J11,,,VCCINT,,,,,,,,1.0,,,,
J12,,,GND,,,,,,,,,,,,
J13,WriteData<7>,IOB,IO_L17N_T2_A25_15,OUTPUT,LVCMOS18*,15,12,SLOW,,,,UNLOCATED,NO,NONE,
J14,en_ukey,IOB,IO_L19P_T3_A22_15,INPUT,LVCMOS18*,15,,,,NONE,,UNLOCATED,NO,NONE,
J15,Dout<1>,IOB,IO_L24N_T3_RS0_15,OUTPUT,LVCMOS18*,15,12,SLOW,,,,UNLOCATED,NO,NONE,
J16,,,GND,,,,,,,,,,,,
J17,Dout<3>,IOB,IO_L23P_T3_FOE_B_15,OUTPUT,LVCMOS18*,15,12,SLOW,,,,UNLOCATED,NO,NONE,
J18,Dout<53>,IOB,IO_L23N_T3_FWE_B_15,OUTPUT,LVCMOS18*,15,12,SLOW,,,,UNLOCATED,NO,NONE,
K1,Dout<56>,IOB,IO_L23N_T3_35,OUTPUT,LVCMOS18*,35,12,SLOW,,,,UNLOCATED,NO,NONE,
K2,Dout<55>,IOB,IO_L23P_T3_35,OUTPUT,LVCMOS18*,35,12,SLOW,,,,UNLOCATED,NO,NONE,
K3,en_din,IOB,IO_L2P_T0_34,INPUT,LVCMOS18*,34,,,,NONE,,UNLOCATED,NO,NONE,
K4,,,VCCO_34,,,34,,,,,1.80,,,,
K5,WriteData<29>,IOB,IO_L5P_T0_34,OUTPUT,LVCMOS18*,34,12,SLOW,,,,UNLOCATED,NO,NONE,
K6,Dout<59>,IOB,IO_0_34,OUTPUT,LVCMOS18*,34,12,SLOW,,,,UNLOCATED,NO,NONE,
K7,,,GND,,,,,,,,,,,,
K8,,,VCCINT,,,,,,,,1.0,,,,
K9,,IPAD,VN_0,UNUSED,,0,,,,,,,,,
K10,,,VREFP_0,,,,,,,,,,,,
K11,,,GND,,,,,,,,,,,,
K12,,,VCCAUX,,,,,,,,1.8,,,,
K13,WriteData<4>,IOB,IO_L17P_T2_A26_15,OUTPUT,LVCMOS18*,15,12,SLOW,,,,UNLOCATED,NO,NONE,
K14,,,VCCO_15,,,15,,,,,1.80,,,,
K15,Dout<4>,IOB,IO_L24P_T3_RS1_15,OUTPUT,LVCMOS18*,15,12,SLOW,,,,UNLOCATED,NO,NONE,
K16,WriteData<18>,IOB,IO_25_15,OUTPUT,LVCMOS18*,15,12,SLOW,,,,UNLOCATED,NO,NONE,
K17,WriteData<21>,IOB,IO_L1P_T0_D00_MOSI_14,OUTPUT,LVCMOS18*,14,12,SLOW,,,,UNLOCATED,NO,NONE,
K18,Dout<2>,IOB,IO_L1N_T0_D01_DIN_14,OUTPUT,LVCMOS18*,14,12,SLOW,,,,UNLOCATED,NO,NONE,
L1,WriteData<23>,IOB,IO_L1P_T0_34,OUTPUT,LVCMOS18*,34,12,SLOW,,,,UNLOCATED,NO,NONE,
L2,,,GND,,,,,,,,,,,,
L3,WriteData<26>,IOB,IO_L2N_T0_34,OUTPUT,LVCMOS18*,34,12,SLOW,,,,UNLOCATED,NO,NONE,
L4,Dout<60>,IOB,IO_L5N_T0_34,OUTPUT,LVCMOS18*,34,12,SLOW,,,,UNLOCATED,NO,NONE,
L5,WriteData<28>,IOB,IO_L6N_T0_VREF_34,OUTPUT,LVCMOS18*,34,12,SLOW,,,,UNLOCATED,NO,NONE,
L6,WriteData<31>,IOB,IO_L6P_T0_34,OUTPUT,LVCMOS18*,34,12,SLOW,,,,UNLOCATED,NO,NONE,
L7,,,VCCINT,,,,,,,,1.0,,,,
L8,,,GND,,,,,,,,,,,,
L9,,,DXN_0,,,,,,,,,,,,
L10,,,DXP_0,,,,,,,,,,,,
L11,,,VCCINT,,,,,,,,1.0,,,,
L12,,,GND,,,,,,,,,,,,
L13,Dout<11>,IOB,IO_L6P_T0_FCS_B_14,OUTPUT,LVCMOS18*,14,12,SLOW,,,,UNLOCATED,NO,NONE,
L14,Dout<10>,IOB,IO_L2P_T0_D02_14,OUTPUT,LVCMOS18*,14,12,SLOW,,,,UNLOCATED,NO,NONE,
L15,Dout<5>,IOB,IO_L3P_T0_DQS_PUDC_B_14,OUTPUT,LVCMOS18*,14,12,SLOW,,,,UNLOCATED,NO,NONE,
L16,Dout<6>,IOB,IO_L3N_T0_DQS_EMCCLK_14,OUTPUT,LVCMOS18*,14,12,SLOW,,,,UNLOCATED,NO,NONE,
L17,,,VCCO_14,,,14,,,,,1.80,,,,
L18,Dout<7>,IOB,IO_L4P_T0_D04_14,OUTPUT,LVCMOS18*,14,12,SLOW,,,,UNLOCATED,NO,NONE,
M1,Dout<62>,IOB,IO_L1N_T0_34,OUTPUT,LVCMOS18*,34,12,SLOW,,,,UNLOCATED,NO,NONE,
M2,WriteData<24>,IOB,IO_L4N_T0_34,OUTPUT,LVCMOS18*,34,12,SLOW,,,,UNLOCATED,NO,NONE,
M3,WriteData<27>,IOB,IO_L4P_T0_34,OUTPUT,LVCMOS18*,34,12,SLOW,,,,UNLOCATED,NO,NONE,
M4,,IOB33M,IO_L16P_T2_34,UNUSED,,34,,,,,,,,,
M5,,,GND,,,,,,,,,,,,
M6,,IOB33M,IO_L18P_T2_34,UNUSED,,34,,,,,,,,,
M7,,,GND,,,,,,,,,,,,
M8,,,VCCINT,,,,,,,,1.0,,,,
M9,,,GND,,,,,,,,,,,,
M10,,,VCCINT,,,,,,,,1.0,,,,
M11,,,GND,,,,,,,,,,,,
M12,,,VCCAUX,,,,,,,,1.8,,,,
M13,Dout<12>,IOB,IO_L6N_T0_D08_VREF_14,OUTPUT,LVCMOS18*,14,12,SLOW,,,,UNLOCATED,NO,NONE,
M14,WriteData<20>,IOB,IO_L2N_T0_D03_14,OUTPUT,LVCMOS18*,14,12,SLOW,,,,UNLOCATED,NO,NONE,
M15,,,GND,,,,,,,,,,,,
M16,Dout<19>,IOB,IO_L10P_T1_D14_14,OUTPUT,LVCMOS18*,14,12,SLOW,,,,UNLOCATED,NO,NONE,
M17,Dout<20>,IOB,IO_L10N_T1_D15_14,OUTPUT,LVCMOS18*,14,12,SLOW,,,,UNLOCATED,NO,NONE,
M18,Dout<8>,IOB,IO_L4N_T0_D05_14,OUTPUT,LVCMOS18*,14,12,SLOW,,,,UNLOCATED,NO,NONE,
N1,WriteData<22>,IOB,IO_L3N_T0_DQS_34,OUTPUT,LVCMOS18*,34,12,SLOW,,,,UNLOCATED,NO,NONE,
N2,WriteData<25>,IOB,IO_L3P_T0_DQS_34,OUTPUT,LVCMOS18*,34,12,SLOW,,,,UNLOCATED,NO,NONE,
N3,,,VCCO_34,,,34,,,,,1.80,,,,
N4,,IOB33S,IO_L16N_T2_34,UNUSED,,34,,,,,,,,,
N5,,IOB33M,IO_L13P_T2_MRCC_34,UNUSED,,34,,,,,,,,,
N6,,IOB33S,IO_L18N_T2_34,UNUSED,,34,,,,,,,,,
N7,,,VCCINT,,,,,,,,1.0,,,,
N8,,,GND,,,,,,,,,,,,
N9,,,VCCINT,,,,,,,,1.0,,,,
N10,,,GND,,,,,,,,,,,,
N11,,,VCCINT,,,,,,,,1.0,,,,
N12,,,GND,,,,,,,,,,,,
N13,,,VCCO_14,,,14,,,,,1.80,,,,
N14,Dout<15>,IOB,IO_L8P_T1_D11_14,OUTPUT,LVCMOS18*,14,12,SLOW,,,,UNLOCATED,NO,NONE,
N15,Dout<21>,IOB,IO_L11P_T1_SRCC_14,OUTPUT,LVCMOS18*,14,12,SLOW,,,,UNLOCATED,NO,NONE,
N16,Dout<22>,IOB,IO_L11N_T1_SRCC_14,OUTPUT,LVCMOS18*,14,12,SLOW,,,,UNLOCATED,NO,NONE,
N17,Dout<17>,IOB,IO_L9P_T1_DQS_14,OUTPUT,LVCMOS18*,14,12,SLOW,,,,UNLOCATED,NO,NONE,
N18,,,GND,,,,,,,,,,,,
P1,,,GND,,,,,,,,,,,,
P2,,IOB33M,IO_L15P_T2_DQS_34,UNUSED,,34,,,,,,,,,
P3,,IOB33S,IO_L14N_T2_SRCC_34,UNUSED,,34,,,,,,,,,
P4,,IOB33M,IO_L14P_T2_SRCC_34,UNUSED,,34,,,,,,,,,
P5,,IOB33S,IO_L13N_T2_MRCC_34,UNUSED,,34,,,,,,,,,
P6,,,VCCO_34,,,34,,,,,1.80,,,,
P7,,,INIT_B_0,,,,,,,,,,,,
P8,,,CFGBVS_0,,,,,,,,,,,,
P9,,,PROGRAM_B_0,,,,,,,,,,,,
P10,,,DONE_0,,,,,,,,,,,,
P11,,,M2_0,,,,,,,,,,,,
P12,,,M0_0,,,,,,,,,,,,
P13,,,M1_0,,,,,,,,,,,,
P14,Dout<16>,IOB,IO_L8N_T1_D12_14,OUTPUT,LVCMOS18*,14,12,SLOW,,,,UNLOCATED,NO,NONE,
P15,Dout<25>,IOB,IO_L13P_T2_MRCC_14,OUTPUT,LVCMOS18*,14,12,SLOW,,,,UNLOCATED,NO,NONE,
P16,,,VCCO_14,,,14,,,,,1.80,,,,
P17,Dout<23>,IOB,IO_L12P_T1_MRCC_14,OUTPUT,LVCMOS18*,14,12,SLOW,,,,UNLOCATED,NO,NONE,
P18,Dout<18>,IOB,IO_L9N_T1_DQS_D13_14,OUTPUT,LVCMOS18*,14,12,SLOW,,,,UNLOCATED,NO,NONE,
R1,,IOB33M,IO_L17P_T2_34,UNUSED,,34,,,,,,,,,
R2,,IOB33S,IO_L15N_T2_DQS_34,UNUSED,,34,,,,,,,,,
R3,,IOB33M,IO_L11P_T1_SRCC_34,UNUSED,,34,,,,,,,,,
R4,,,GND,,,,,,,,,,,,
R5,,IOB33S,IO_L19N_T3_VREF_34,UNUSED,,34,,,,,,,,,
R6,,IOB33M,IO_L19P_T3_34,UNUSED,,34,,,,,,,,,
R7,,IOB33M,IO_L23P_T3_34,UNUSED,,34,,,,,,,,,
R8,,IOB33M,IO_L24P_T3_34,UNUSED,,34,,,,,,,,,
R9,,,VCCO_0,,,0,,,,,any******,,,,
R10,,IOB33,IO_25_14,UNUSED,,14,,,,,,,,,
R11,Dout<0>,IOB,IO_0_14,OUTPUT,LVCMOS18*,14,12,SLOW,,,,UNLOCATED,NO,NONE,
R12,Dout<9>,IOB,IO_L5P_T0_D06_14,OUTPUT,LVCMOS18*,14,12,SLOW,,,,UNLOCATED,NO,NONE,
R13,Dout<13>,IOB,IO_L5N_T0_D07_14,OUTPUT,LVCMOS18*,14,12,SLOW,,,,UNLOCATED,NO,NONE,
R14,,,GND,,,,,,,,,,,,
R15,Dout<26>,IOB,IO_L13N_T2_MRCC_14,OUTPUT,LVCMOS18*,14,12,SLOW,,,,UNLOCATED,NO,NONE,
R16,Dout<29>,IOB,IO_L15P_T2_DQS_RDWR_B_14,OUTPUT,LVCMOS18*,14,12,SLOW,,,,UNLOCATED,NO,NONE,
R17,Dout<24>,IOB,IO_L12N_T1_MRCC_14,OUTPUT,LVCMOS18*,14,12,SLOW,,,,UNLOCATED,NO,NONE,
R18,Instr<15>,IOB,IO_L7P_T1_D09_14,OUTPUT,LVCMOS18*,14,12,SLOW,,,,UNLOCATED,NO,NONE,
T1,,IOB33S,IO_L17N_T2_34,UNUSED,,34,,,,,,,,,
T2,,,VCCO_34,,,34,,,,,1.80,,,,
T3,,IOB33S,IO_L11N_T1_SRCC_34,UNUSED,,34,,,,,,,,,
T4,,IOB33S,IO_L12N_T1_MRCC_34,UNUSED,,34,,,,,,,,,
T5,,IOB33M,IO_L12P_T1_MRCC_34,UNUSED,,34,,,,,,,,,
T6,,IOB33S,IO_L23N_T3_34,UNUSED,,34,,,,,,,,,
T7,,,GND,,,,,,,,,,,,
T8,,IOB33S,IO_L24N_T3_34,UNUSED,,34,,,,,,,,,
T9,Dout<47>,IOB,IO_L24P_T3_A01_D17_14,OUTPUT,LVCMOS18*,14,12,SLOW,,,,UNLOCATED,NO,NONE,
T10,,IOB33S,IO_L24N_T3_A00_D16_14,UNUSED,,14,,,,,,,,,
T11,Dout<37>,IOB,IO_L19P_T3_A10_D26_14,OUTPUT,LVCMOS18*,14,12,SLOW,,,,UNLOCATED,NO,NONE,
T12,,,VCCO_14,,,14,,,,,1.80,,,,
T13,Dout<45>,IOB,IO_L23P_T3_A03_D19_14,OUTPUT,LVCMOS18*,14,12,SLOW,,,,UNLOCATED,NO,NONE,
T14,Dout<27>,IOB,IO_L14P_T2_SRCC_14,OUTPUT,LVCMOS18*,14,12,SLOW,,,,UNLOCATED,NO,NONE,
T15,Dout<28>,IOB,IO_L14N_T2_SRCC_14,OUTPUT,LVCMOS18*,14,12,SLOW,,,,UNLOCATED,NO,NONE,
T16,Dout<30>,IOB,IO_L15N_T2_DQS_DOUT_CSO_B_14,OUTPUT,LVCMOS18*,14,12,SLOW,,,,UNLOCATED,NO,NONE,
T17,,,GND,,,,,,,,,,,,
T18,Dout<14>,IOB,IO_L7N_T1_D10_14,OUTPUT,LVCMOS18*,14,12,SLOW,,,,UNLOCATED,NO,NONE,
U1,Dout<63>,IOB,IO_L7P_T1_34,OUTPUT,LVCMOS18*,34,12,SLOW,,,,UNLOCATED,NO,NONE,
U2,clr_data_memory,IOB,IO_L9P_T1_DQS_34,INPUT,LVCMOS18*,34,,,,NONE,,UNLOCATED,NO,NONE,
U3,,IOB33S,IO_L8N_T1_34,UNUSED,,34,,,,,,,,,
U4,Dout<49>,IOB,IO_L8P_T1_34,OUTPUT,LVCMOS18*,34,12,SLOW,,,,UNLOCATED,NO,NONE,
U5,,,VCCO_34,,,34,,,,,1.80,,,,
U6,,IOB33S,IO_L22N_T3_34,UNUSED,,34,,,,,,,,,
U7,,IOB33M,IO_L22P_T3_34,UNUSED,,34,,,,,,,,,
U8,,IOB33,IO_25_34,UNUSED,,34,,,,,,,,,
U9,,IOB33M,IO_L21P_T3_DQS_34,UNUSED,,34,,,,,,,,,
U10,,,GND,,,,,,,,,,,,
U11,Dout<38>,IOB,IO_L19N_T3_A09_D25_VREF_14,OUTPUT,LVCMOS18*,14,12,SLOW,,,,UNLOCATED,NO,NONE,
U12,Dout<39>,IOB,IO_L20P_T3_A08_D24_14,OUTPUT,LVCMOS18*,14,12,SLOW,,,,UNLOCATED,NO,NONE,
U13,Dout<46>,IOB,IO_L23N_T3_A02_D18_14,OUTPUT,LVCMOS18*,14,12,SLOW,,,,UNLOCATED,NO,NONE,
U14,Dout<43>,IOB,IO_L22P_T3_A05_D21_14,OUTPUT,LVCMOS18*,14,12,SLOW,,,,UNLOCATED,NO,NONE,
U15,,,VCCO_14,,,14,,,,,1.80,,,,
U16,Dout<35>,IOB,IO_L18P_T2_A12_D28_14,OUTPUT,LVCMOS18*,14,12,SLOW,,,,UNLOCATED,NO,NONE,
U17,Dout<33>,IOB,IO_L17P_T2_A14_D30_14,OUTPUT,LVCMOS18*,14,12,SLOW,,,,UNLOCATED,NO,NONE,
U18,Dout<34>,IOB,IO_L17N_T2_A13_D29_14,OUTPUT,LVCMOS18*,14,12,SLOW,,,,UNLOCATED,NO,NONE,
V1,WriteData<30>,IOB,IO_L7N_T1_34,OUTPUT,LVCMOS18*,34,12,SLOW,,,,UNLOCATED,NO,NONE,
V2,,IOB33S,IO_L9N_T1_DQS_34,UNUSED,,34,,,,,,,,,
V3,,,GND,,,,,,,,,,,,
V4,,IOB33S,IO_L10N_T1_34,UNUSED,,34,,,,,,,,,
V5,,IOB33M,IO_L10P_T1_34,UNUSED,,34,,,,,,,,,
V6,,IOB33S,IO_L20N_T3_34,UNUSED,,34,,,,,,,,,
V7,,IOB33M,IO_L20P_T3_34,UNUSED,,34,,,,,,,,,
V8,,,VCCO_34,,,34,,,,,1.80,,,,
V9,,IOB33S,IO_L21N_T3_DQS_34,UNUSED,,34,,,,,,,,,
V10,Dout<41>,IOB,IO_L21P_T3_DQS_14,OUTPUT,LVCMOS18*,14,12,SLOW,,,,UNLOCATED,NO,NONE,
V11,Dout<42>,IOB,IO_L21N_T3_DQS_A06_D22_14,OUTPUT,LVCMOS18*,14,12,SLOW,,,,UNLOCATED,NO,NONE,
V12,Dout<40>,IOB,IO_L20N_T3_A07_D23_14,OUTPUT,LVCMOS18*,14,12,SLOW,,,,UNLOCATED,NO,NONE,
V13,,,GND,,,,,,,,,,,,
V14,Dout<44>,IOB,IO_L22N_T3_A04_D20_14,OUTPUT,LVCMOS18*,14,12,SLOW,,,,UNLOCATED,NO,NONE,
V15,Dout<31>,IOB,IO_L16P_T2_CSI_B_14,OUTPUT,LVCMOS18*,14,12,SLOW,,,,UNLOCATED,NO,NONE,
V16,Dout<32>,IOB,IO_L16N_T2_A15_D31_14,OUTPUT,LVCMOS18*,14,12,SLOW,,,,UNLOCATED,NO,NONE,
V17,Dout<36>,IOB,IO_L18N_T2_A11_D27_14,OUTPUT,LVCMOS18*,14,12,SLOW,,,,UNLOCATED,NO,NONE,
V18,,,VCCO_14,,,14,,,,,1.80,,,,

# -----,-----,-----,-----,-----,-----,-----,-----,-----,-----,-----,-----,-----,-----,-----,
# 
#* Default value.
#** This default Pullup/Pulldown value can be overridden in Bitgen. 
#All RSVD_0 pins must be tied to GROUND.
#****** Special VCCO requirements may apply. Please consult the device 
#       family datasheet for specific guideline on VCCO requirements. 
#
#
#